S NO.,DISTRICT,STATION,DATE(YYYY-MM-DD),TIME (UTC),RAIN HOURLY CUMULATIVE (mm),RAIN DAY CUMULATIVE SINCE 0300 UTC (mm),TEMP ('C),TEMP MIN HOURLY ('C),TEMP MAX HOURLY ('C),TEMP DAY MIN MAX ('C),RH (%),BATTERY (Volts),GPS
1,GOPALGANJ,HATHUA,2018-08-30,03:00:00,0,0,,,,,,12.9,L
2,GOPALGANJ,HATHUA,2018-08-30,04:00:00,0,0,,,,,,14.0,L
3,GOPALGANJ,HATHUA,2018-08-30,05:00:00,0,0,,,,,,13.1,L
4,GOPALGANJ,HATHUA,2018-08-30,06:00:00,0,0,,,,,,13.1,L
5,GOPALGANJ,HATHUA,2018-08-30,07:00:00,0,0,,,,,,12.9,L
6,GOPALGANJ,HATHUA,2018-08-30,08:00:00,0,0,,,,,,13.0,L
7,GOPALGANJ,HATHUA,2018-08-30,09:00:00,0,0,,,,,,12.5,L
8,GOPALGANJ,HATHUA,2018-08-30,10:00:00,0,0,,,,,,12.4,L
9,GOPALGANJ,HATHUA,2018-08-30,11:00:00,0,0,,,,,,12.4,L
10,GOPALGANJ,HATHUA,2018-08-30,12:00:00,0,0,,,,,,12.4,L
11,GOPALGANJ,HATHUA,2018-08-30,13:00:00,0,0,,,,,,12.4,L
12,GOPALGANJ,HATHUA,2018-08-31,02:00:00,0,0,,,,,,12.8,L
13,GOPALGANJ,HATHUA,2018-08-31,03:00:00,0,0,,,,,,12.7,L
14,GOPALGANJ,HATHUA,2018-08-31,04:00:00,0,0,,,,,,13.9,L
15,GOPALGANJ,HATHUA,2018-08-31,05:00:00,0,0,,,,,,13.1,L
16,GOPALGANJ,HATHUA,2018-08-31,06:00:00,0,0,,,,,,12.9,L
17,GOPALGANJ,HATHUA,2018-08-31,07:00:00,0,0,,,,,,12.9,L
18,GOPALGANJ,HATHUA,2018-08-31,08:00:00,0,0,,,,,,12.9,L
19,GOPALGANJ,HATHUA,2018-08-31,10:00:00,0,0,,,,,,13.1,L
20,GOPALGANJ,HATHUA,2018-08-31,11:00:00,0,0,,,,,,13.1,L
21,GOPALGANJ,HATHUA,2018-08-31,12:00:00,0,0,,,,,,12.8,L
22,GOPALGANJ,HATHUA,2018-08-31,13:00:00,0,0,,,,,,12.5,L
23,GOPALGANJ,HATHUA,2018-08-31,14:00:00,0,0,,,,,,12.4,L
24,GOPALGANJ,HATHUA,2018-08-31,15:00:00,0,0,,,,,,12.4,L
25,GOPALGANJ,HATHUA,2018-08-31,16:00:00,0,0,,,,,,12.4,L
26,GOPALGANJ,HATHUA,2018-08-31,17:00:00,0,0,,,,,,12.4,L
27,GOPALGANJ,HATHUA,2018-08-31,18:00:00,0,0,,,,,,12.3,L
28,GOPALGANJ,HATHUA,2018-09-01,02:00:00,0,0,,,,,,12.9,L
29,GOPALGANJ,HATHUA,2018-09-01,03:00:00,0,0,,,,,,13.1,L
30,GOPALGANJ,HATHUA,2018-09-01,04:00:00,0,0,,,,,,13.1,L
31,GOPALGANJ,HATHUA,2018-09-01,05:00:00,0,0,,,,,,13.0,L
32,GOPALGANJ,HATHUA,2018-09-01,06:00:00,0,0,,,,,,12.9,L
33,GOPALGANJ,HATHUA,2018-09-01,07:00:00,0,0,,,,,,12.9,L
34,GOPALGANJ,HATHUA,2018-09-01,08:00:00,0,0,,,,,,13.1,L
35,GOPALGANJ,HATHUA,2018-09-01,09:00:00,0,0,,,,,,13.1,L
36,GOPALGANJ,HATHUA,2018-09-01,10:00:00,0,0,,,,,,13.2,L
37,GOPALGANJ,HATHUA,2018-09-01,11:00:00,0,0,,,,,,13.2,L
38,GOPALGANJ,HATHUA,2018-09-01,12:00:00,0,0,,,,,,12.7,L
39,GOPALGANJ,HATHUA,2018-09-01,13:00:00,0,0,,,,,,12.5,L
40,GOPALGANJ,HATHUA,2018-09-01,14:00:00,0,0,,,,,,12.4,L
41,GOPALGANJ,HATHUA,2018-09-01,15:00:00,0,0,,,,,,12.4,L
42,GOPALGANJ,HATHUA,2018-09-01,16:00:00,0,0,,,,,,12.4,L
43,GOPALGANJ,HATHUA,2018-09-01,17:00:00,0,0,,,,,,12.4,L
44,GOPALGANJ,HATHUA,2018-09-01,18:00:00,0,0,,,,,,12.3,L
45,GOPALGANJ,HATHUA,2018-09-02,02:00:00,0,0,,,,,,13.0,L
46,GOPALGANJ,HATHUA,2018-09-02,03:00:00,0,0,,,,,,12.9,L
47,GOPALGANJ,HATHUA,2018-09-02,04:00:00,0,0,,,,,,13.8,L
48,GOPALGANJ,HATHUA,2018-09-02,05:00:00,0,0,,,,,,13.1,L
49,GOPALGANJ,HATHUA,2018-09-02,06:00:00,0,0,,,,,,13.0,L
50,GOPALGANJ,HATHUA,2018-09-02,07:00:00,0,0,,,,,,13.0,L
51,GOPALGANJ,HATHUA,2018-09-02,08:00:00,0,0,,,,,,13.0,L
52,GOPALGANJ,HATHUA,2018-09-02,09:00:00,0,0,,,,,,13.1,L
53,GOPALGANJ,HATHUA,2018-09-02,10:00:00,0,0,,,,,,13.1,L
54,GOPALGANJ,HATHUA,2018-09-02,11:00:00,0,0,,,,,,13.1,L
55,GOPALGANJ,HATHUA,2018-09-02,12:00:00,0,0,,,,,,12.6,L
56,GOPALGANJ,HATHUA,2018-09-02,13:00:00,0,0,,,,,,12.5,L
57,GOPALGANJ,HATHUA,2018-09-02,14:00:00,0,0,,,,,,12.4,L
58,GOPALGANJ,HATHUA,2018-09-02,15:00:00,0,0,,,,,,12.4,L
59,GOPALGANJ,HATHUA,2018-09-02,16:00:00,0,0,,,,,,12.4,L
60,GOPALGANJ,HATHUA,2018-09-02,17:00:00,0,0,,,,,,12.4,L
61,GOPALGANJ,HATHUA,2018-09-03,02:00:00,0,0,,,,,,12.6,L
62,GOPALGANJ,HATHUA,2018-09-03,03:00:00,0,0,,,,,,14.1,L
63,GOPALGANJ,HATHUA,2018-09-03,04:00:00,0,0,,,,,,13.1,L
64,GOPALGANJ,HATHUA,2018-09-03,05:00:00,0,0,,,,,,13.2,L
65,GOPALGANJ,HATHUA,2018-09-03,06:00:00,0,0,,,,,,14.1,L
66,GOPALGANJ,HATHUA,2018-09-03,07:00:00,0,0,,,,,,13.2,L
67,GOPALGANJ,HATHUA,2018-09-03,08:00:00,0,0,,,,,,13.2,L
68,GOPALGANJ,HATHUA,2018-09-03,09:00:00,0,0,,,,,,13.2,L
69,GOPALGANJ,HATHUA,2018-09-03,10:00:00,0,0,,,,,,13.2,L
70,GOPALGANJ,HATHUA,2018-09-03,11:00:00,0,0,,,,,,13.2,L
71,GOPALGANJ,HATHUA,2018-09-03,12:00:00,0,0,,,,,,12.8,L
72,GOPALGANJ,HATHUA,2018-09-03,13:00:00,0,0,,,,,,12.5,L
73,GOPALGANJ,HATHUA,2018-09-03,14:00:00,0,0,,,,,,12.4,L
74,GOPALGANJ,HATHUA,2018-09-03,15:00:00,0,0,,,,,,12.4,L
75,GOPALGANJ,HATHUA,2018-09-03,16:00:00,0,0,,,,,,12.4,L
76,GOPALGANJ,HATHUA,2018-09-03,17:00:00,0,0,,,,,,12.4,L
77,GOPALGANJ,HATHUA,2018-09-03,18:00:00,0,0,,,,,,12.3,L
78,GOPALGANJ,HATHUA,2018-09-04,02:00:00,0,0,,,,,,12.9,L
79,GOPALGANJ,HATHUA,2018-09-04,03:00:00,0,0,,,,,,13.9,L
80,GOPALGANJ,HATHUA,2018-09-04,04:00:00,0,0,,,,,,13.1,L
81,GOPALGANJ,HATHUA,2018-09-04,05:00:00,0,0,,,,,,13.1,L
82,GOPALGANJ,HATHUA,2018-09-04,06:00:00,0,0,,,,,,13.1,L
83,GOPALGANJ,HATHUA,2018-09-04,07:00:00,0,0,,,,,,13.2,L
84,GOPALGANJ,HATHUA,2018-09-04,08:00:00,0,0,,,,,,13.0,L
85,GOPALGANJ,HATHUA,2018-09-04,09:00:00,0,0,,,,,,13.0,L
86,GOPALGANJ,HATHUA,2018-09-04,10:00:00,0,0,,,,,,13.1,L
87,GOPALGANJ,HATHUA,2018-09-04,11:00:00,0,0,,,,,,13.8,L
88,GOPALGANJ,HATHUA,2018-09-04,12:00:00,0,0,,,,,,12.8,L
89,GOPALGANJ,HATHUA,2018-09-04,13:00:00,0,0,,,,,,12.5,L
90,GOPALGANJ,HATHUA,2018-09-04,14:00:00,0,0,,,,,,12.4,L
91,GOPALGANJ,HATHUA,2018-09-04,15:00:00,0,0,,,,,,12.4,L
92,GOPALGANJ,HATHUA,2018-09-04,16:00:00,0,0,,,,,,12.4,L
93,GOPALGANJ,HATHUA,2018-09-04,17:00:00,0,0,,,,,,12.4,L
94,GOPALGANJ,HATHUA,2018-09-04,18:00:00,0,0,,,,,,12.3,L
95,GOPALGANJ,HATHUA,2018-09-05,02:00:00,0,0,,,,,,13.0,L
96,GOPALGANJ,HATHUA,2018-09-05,04:00:00,0,0,,,,,,13.0,L
97,GOPALGANJ,HATHUA,2018-09-05,05:00:00,0,0,,,,,,12.8,L
98,GOPALGANJ,HATHUA,2018-09-05,06:00:00,0,0,,,,,,12.8,L
99,GOPALGANJ,HATHUA,2018-09-05,07:00:00,0,0,,,,,,12.8,L
100,GOPALGANJ,HATHUA,2018-09-05,08:00:00,0,0,,,,,,13.0,L
101,GOPALGANJ,HATHUA,2018-09-05,09:00:00,0,0,,,,,,13.2,L
102,GOPALGANJ,HATHUA,2018-09-05,10:00:00,0,0,,,,,,13.1,L
103,GOPALGANJ,HATHUA,2018-09-05,11:00:00,0,0,,,,,,13.1,L
104,GOPALGANJ,HATHUA,2018-09-05,12:00:00,0,0,,,,,,12.8,L
105,GOPALGANJ,HATHUA,2018-09-05,13:00:00,0,0,,,,,,12.5,L
106,GOPALGANJ,HATHUA,2018-09-05,14:00:00,0,0,,,,,,12.4,L
107,GOPALGANJ,HATHUA,2018-09-05,15:00:00,0,0,,,,,,12.4,L
108,GOPALGANJ,HATHUA,2018-09-05,16:00:00,0,0,,,,,,12.4,L
109,GOPALGANJ,HATHUA,2018-09-05,17:00:00,0,0,,,,,,12.4,L
110,GOPALGANJ,HATHUA,2018-09-05,18:00:00,0,0,,,,,,12.3,L
111,NALANDA,BIHARSHARRIF,2018-08-30,00:00:00,0,0,,,,,,12.8,L
112,NALANDA,BIHARSHARRIF,2018-08-30,01:00:00,0,0,,,,,,12.8,L
113,NALANDA,BIHARSHARRIF,2018-08-30,02:00:00,0,0,,,,,,13.2,L
114,NALANDA,BIHARSHARRIF,2018-08-30,03:00:00,0,0,,,,,,13.5,L
115,NALANDA,BIHARSHARRIF,2018-08-30,04:00:00,0,0,,,,,,13.6,L
116,NALANDA,BIHARSHARRIF,2018-08-30,05:00:00,0,0,,,,,,13.8,L
117,NALANDA,BIHARSHARRIF,2018-08-30,06:00:00,0,0,,,,,,14.3,L
118,NALANDA,BIHARSHARRIF,2018-08-30,07:00:00,0,0,,,,,,13.5,L
119,NALANDA,BIHARSHARRIF,2018-08-30,08:00:00,0,0,,,,,,13.6,L
120,NALANDA,BIHARSHARRIF,2018-08-30,09:00:00,0,0,,,,,,13.8,L
121,NALANDA,BIHARSHARRIF,2018-08-30,10:00:00,0,0,,,,,,13.5,L
122,NALANDA,BIHARSHARRIF,2018-08-30,11:00:00,0,0,,,,,,13.2,L
123,NALANDA,BIHARSHARRIF,2018-08-30,12:00:00,0,0,,,,,,12.9,L
124,NALANDA,BIHARSHARRIF,2018-08-30,13:00:00,0,0,,,,,,12.9,L
125,NALANDA,BIHARSHARRIF,2018-08-30,14:00:00,0,0,,,,,,12.9,L
126,NALANDA,BIHARSHARRIF,2018-08-30,15:00:00,0,0,,,,,,12.9,L
127,NALANDA,BIHARSHARRIF,2018-08-30,16:00:00,0,0,,,,,,12.8,L
128,NALANDA,BIHARSHARRIF,2018-08-30,17:00:00,0,0,,,,,,12.8,L
129,NALANDA,BIHARSHARRIF,2018-08-30,18:00:00,0,0,,,,,,12.8,L
130,NALANDA,BIHARSHARRIF,2018-08-30,19:00:00,0,0,,,,,,12.8,L
131,NALANDA,BIHARSHARRIF,2018-08-30,20:00:00,0,0,,,,,,12.8,L
132,NALANDA,BIHARSHARRIF,2018-08-30,21:00:00,0,0,,,,,,12.8,L
133,NALANDA,BIHARSHARRIF,2018-08-30,22:00:00,0,0,,,,,,12.8,L
134,NALANDA,BIHARSHARRIF,2018-08-30,23:00:00,0,0,,,,,,12.8,L
135,NALANDA,BIHARSHARRIF,2018-08-31,00:00:00,0,0,,,,,,12.8,L
136,NALANDA,BIHARSHARRIF,2018-08-31,01:00:00,0,0,,,,,,12.8,L
137,NALANDA,BIHARSHARRIF,2018-08-31,02:00:00,0,0,,,,,,13.3,L
138,NALANDA,BIHARSHARRIF,2018-08-31,03:00:00,0,0,,,,,,13.4,L
139,NALANDA,BIHARSHARRIF,2018-08-31,04:00:00,0,0,,,,,,13.6,L
140,NALANDA,BIHARSHARRIF,2018-08-31,05:00:00,0,0,,,,,,13.4,L
141,NALANDA,BIHARSHARRIF,2018-08-31,06:00:00,0,0,,,,,,13.4,L
142,NALANDA,BIHARSHARRIF,2018-08-31,07:00:00,0,0,,,,,,13.3,L
143,NALANDA,BIHARSHARRIF,2018-08-31,08:00:00,0,0,,,,,,13.4,L
144,NALANDA,BIHARSHARRIF,2018-08-31,09:00:00,0,0,,,,,,13.4,L
145,NALANDA,BIHARSHARRIF,2018-08-31,10:00:00,0,0,,,,,,13.7,L
146,NALANDA,BIHARSHARRIF,2018-08-31,11:00:00,0,0,,,,,,13.3,L
147,NALANDA,BIHARSHARRIF,2018-08-31,12:00:00,0,0,,,,,,12.9,L
148,NALANDA,BIHARSHARRIF,2018-08-31,13:00:00,0,0,,,,,,12.9,L
149,NALANDA,BIHARSHARRIF,2018-08-31,14:00:00,0,0,,,,,,12.9,L
150,NALANDA,BIHARSHARRIF,2018-08-31,15:00:00,0,0,,,,,,12.9,L
151,NALANDA,BIHARSHARRIF,2018-08-31,16:00:00,0,0,,,,,,12.8,L
152,NALANDA,BIHARSHARRIF,2018-08-31,17:00:00,0,0,,,,,,12.8,L
153,NALANDA,BIHARSHARRIF,2018-08-31,18:00:00,0,0,,,,,,12.8,L
154,NALANDA,BIHARSHARRIF,2018-08-31,19:00:00,0,0,,,,,,12.8,L
155,NALANDA,BIHARSHARRIF,2018-08-31,20:00:00,0,0,,,,,,12.8,L
156,NALANDA,BIHARSHARRIF,2018-08-31,21:00:00,0,0,,,,,,12.8,L
157,NALANDA,BIHARSHARRIF,2018-08-31,22:00:00,0,0,,,,,,12.8,L
158,NALANDA,BIHARSHARRIF,2018-08-31,23:00:00,0,0,,,,,,12.8,L
159,NALANDA,BIHARSHARRIF,2018-09-01,00:00:00,0,0,,,,,,12.8,L
160,NALANDA,BIHARSHARRIF,2018-09-01,01:00:00,0,0,,,,,,12.8,L
161,NALANDA,BIHARSHARRIF,2018-09-01,02:00:00,0,0,,,,,,12.8,L
162,NALANDA,BIHARSHARRIF,2018-09-01,03:00:00,0,0,,,,,,12.9,L
163,NALANDA,BIHARSHARRIF,2018-09-01,04:00:00,0,0,,,,,,13.6,L
164,NALANDA,BIHARSHARRIF,2018-09-01,05:00:00,0,0,,,,,,13.4,L
165,NALANDA,BIHARSHARRIF,2018-09-01,06:00:00,0,0,,,,,,13.4,L
166,NALANDA,BIHARSHARRIF,2018-09-01,07:00:00,0,0,,,,,,13.2,L
167,NALANDA,BIHARSHARRIF,2018-09-01,08:00:00,0,0,,,,,,13.1,L
168,NALANDA,BIHARSHARRIF,2018-09-01,09:00:00,0,0,,,,,,13.3,L
169,NALANDA,BIHARSHARRIF,2018-09-01,10:00:00,0,0,,,,,,13.2,L
170,NALANDA,BIHARSHARRIF,2018-09-01,11:00:00,0,0,,,,,,13.0,L
171,NALANDA,BIHARSHARRIF,2018-09-01,12:00:00,0,0,,,,,,12.9,L
172,NALANDA,BIHARSHARRIF,2018-09-01,13:00:00,0,0,,,,,,12.9,L
173,NALANDA,BIHARSHARRIF,2018-09-01,14:00:00,0,0,,,,,,12.9,L
174,NALANDA,BIHARSHARRIF,2018-09-01,15:00:00,0,0,,,,,,12.8,L
175,NALANDA,BIHARSHARRIF,2018-09-01,16:00:00,0,0,,,,,,12.8,L
176,NALANDA,BIHARSHARRIF,2018-09-01,17:00:00,0,0,,,,,,12.8,L
177,NALANDA,BIHARSHARRIF,2018-09-01,18:00:00,0,0,,,,,,12.8,L
178,NALANDA,BIHARSHARRIF,2018-09-01,19:00:00,0,0,,,,,,12.8,L
179,NALANDA,BIHARSHARRIF,2018-09-01,20:00:00,0,0,,,,,,12.8,L
180,NALANDA,BIHARSHARRIF,2018-09-01,21:00:00,0,0,,,,,,12.8,L
181,NALANDA,BIHARSHARRIF,2018-09-01,22:00:00,0,0,,,,,,12.8,L
182,NALANDA,BIHARSHARRIF,2018-09-01,23:00:00,0,0,,,,,,12.8,L
183,NALANDA,BIHARSHARRIF,2018-09-02,00:00:00,0,0,,,,,,12.8,L
184,NALANDA,BIHARSHARRIF,2018-09-02,01:00:00,0,0,,,,,,12.8,L
185,NALANDA,BIHARSHARRIF,2018-09-02,02:00:00,0,0,,,,,,12.9,L
186,NALANDA,BIHARSHARRIF,2018-09-02,03:00:00,0,0,,,,,,13.5,L
187,NALANDA,BIHARSHARRIF,2018-09-02,04:00:00,0,0,,,,,,14.2,L
188,NALANDA,BIHARSHARRIF,2018-09-02,05:00:00,0,0,,,,,,13.3,L
189,NALANDA,BIHARSHARRIF,2018-09-02,06:00:00,0,0,,,,,,13.3,L
190,NALANDA,BIHARSHARRIF,2018-09-02,07:00:00,0,0,,,,,,13.3,L
191,NALANDA,BIHARSHARRIF,2018-09-02,08:00:00,0,0,,,,,,13.4,L
192,NALANDA,BIHARSHARRIF,2018-09-02,09:00:00,0,0,,,,,,13.5,L
193,NALANDA,BIHARSHARRIF,2018-09-02,10:00:00,0,0,,,,,,13.3,L
194,NALANDA,BIHARSHARRIF,2018-09-02,11:00:00,0,0,,,,,,12.9,L
195,NALANDA,BIHARSHARRIF,2018-09-02,12:00:00,0,0,,,,,,12.9,L
196,NALANDA,BIHARSHARRIF,2018-09-02,13:00:00,0,0,,,,,,12.9,L
197,NALANDA,BIHARSHARRIF,2018-09-02,14:00:00,0,0,,,,,,12.9,L
198,NALANDA,BIHARSHARRIF,2018-09-02,15:00:00,0,0,,,,,,12.8,L
199,NALANDA,BIHARSHARRIF,2018-09-02,16:00:00,0,0,,,,,,12.8,L
200,NALANDA,BIHARSHARRIF,2018-09-02,17:00:00,0,0,,,,,,12.8,L
201,NALANDA,BIHARSHARRIF,2018-09-02,18:00:00,0,0,,,,,,12.8,L
202,NALANDA,BIHARSHARRIF,2018-09-02,19:00:00,0,0,,,,,,12.8,L
203,NALANDA,BIHARSHARRIF,2018-09-02,20:00:00,0,0,,,,,,12.8,L
204,NALANDA,BIHARSHARRIF,2018-09-02,21:00:00,0,0,,,,,,12.8,L
205,NALANDA,BIHARSHARRIF,2018-09-02,22:00:00,0,0,,,,,,12.8,L
206,NALANDA,BIHARSHARRIF,2018-09-02,23:00:00,0,0,,,,,,12.8,L
207,NALANDA,BIHARSHARRIF,2018-09-03,00:00:00,0,0,,,,,,12.8,L
208,NALANDA,BIHARSHARRIF,2018-09-03,01:00:00,0,0,,,,,,12.8,L
209,NALANDA,BIHARSHARRIF,2018-09-03,02:00:00,0,0,,,,,,13.0,L
210,NALANDA,BIHARSHARRIF,2018-09-03,03:00:00,0,0,,,,,,13.1,L
211,NALANDA,BIHARSHARRIF,2018-09-03,04:00:00,0,0,,,,,,13.1,L
212,NALANDA,BIHARSHARRIF,2018-09-03,05:00:00,0,0,,,,,,13.8,L
213,NALANDA,BIHARSHARRIF,2018-09-03,06:00:00,0,0,,,,,,13.4,L
214,NALANDA,BIHARSHARRIF,2018-09-03,07:00:00,0,0,,,,,,13.3,L
215,NALANDA,BIHARSHARRIF,2018-09-03,08:00:00,0,0,,,,,,13.3,L
216,NALANDA,BIHARSHARRIF,2018-09-03,09:00:00,0,0,,,,,,13.8,L
217,NALANDA,BIHARSHARRIF,2018-09-03,10:00:00,0,0,,,,,,13.1,L
218,NALANDA,BIHARSHARRIF,2018-09-03,11:00:00,0,0,,,,,,12.9,L
219,NALANDA,BIHARSHARRIF,2018-09-03,12:00:00,0,0,,,,,,12.9,L
220,NALANDA,BIHARSHARRIF,2018-09-03,13:00:00,0,0,,,,,,12.9,L
221,NALANDA,BIHARSHARRIF,2018-09-03,14:00:00,0,0,,,,,,12.9,L
222,NALANDA,BIHARSHARRIF,2018-09-03,15:00:00,0,0,,,,,,12.8,L
223,NALANDA,BIHARSHARRIF,2018-09-03,16:00:00,0,0,,,,,,12.8,L
224,NALANDA,BIHARSHARRIF,2018-09-03,17:00:00,0,0,,,,,,12.8,L
225,NALANDA,BIHARSHARRIF,2018-09-03,18:00:00,0,0,,,,,,12.8,L
226,NALANDA,BIHARSHARRIF,2018-09-03,19:00:00,0,0,,,,,,12.8,L
227,NALANDA,BIHARSHARRIF,2018-09-03,20:00:00,0,0,,,,,,12.8,L
228,NALANDA,BIHARSHARRIF,2018-09-03,21:00:00,0,0,,,,,,12.8,L
229,NALANDA,BIHARSHARRIF,2018-09-03,22:00:00,0,0,,,,,,12.8,L
230,NALANDA,BIHARSHARRIF,2018-09-03,23:00:00,0,0,,,,,,12.8,L
231,NALANDA,BIHARSHARRIF,2018-09-04,00:00:00,0,0,,,,,,12.8,L
232,NALANDA,BIHARSHARRIF,2018-09-04,01:00:00,0,0,,,,,,12.8,L
233,NALANDA,BIHARSHARRIF,2018-09-04,02:00:00,0,0,,,,,,13.3,L
234,NALANDA,BIHARSHARRIF,2018-09-04,03:00:00,0,0,,,,,,13.6,L
235,NALANDA,BIHARSHARRIF,2018-09-04,04:00:00,0,0,,,,,,14.3,L
236,NALANDA,BIHARSHARRIF,2018-09-04,05:00:00,0,0,,,,,,13.3,L
237,NALANDA,BIHARSHARRIF,2018-09-04,06:00:00,0,0,,,,,,13.3,L
238,NALANDA,BIHARSHARRIF,2018-09-04,07:00:00,0,0,,,,,,13.3,L
239,NALANDA,BIHARSHARRIF,2018-09-04,08:00:00,0,0,,,,,,13.4,L
240,NALANDA,BIHARSHARRIF,2018-09-04,09:00:00,0,0,,,,,,13.3,L
241,NALANDA,BIHARSHARRIF,2018-09-04,10:00:00,0,0,,,,,,13.1,L
242,NALANDA,BIHARSHARRIF,2018-09-04,11:00:00,0,0,,,,,,13.2,L
243,NALANDA,BIHARSHARRIF,2018-09-04,12:00:00,0,0,,,,,,12.9,L
244,NALANDA,BIHARSHARRIF,2018-09-04,13:00:00,0,0,,,,,,12.9,L
245,NALANDA,BIHARSHARRIF,2018-09-04,14:00:00,0,0,,,,,,12.9,L
246,NALANDA,BIHARSHARRIF,2018-09-04,15:00:00,0,0,,,,,,12.9,L
247,NALANDA,BIHARSHARRIF,2018-09-04,16:00:00,0,0,,,,,,12.8,L
248,NALANDA,BIHARSHARRIF,2018-09-04,17:00:00,0,0,,,,,,12.8,L
249,NALANDA,BIHARSHARRIF,2018-09-04,18:00:00,0,0,,,,,,12.8,L
250,NALANDA,BIHARSHARRIF,2018-09-04,19:00:00,0,0,,,,,,12.8,L
251,NALANDA,BIHARSHARRIF,2018-09-04,20:00:00,0,0,,,,,,12.8,L
252,NALANDA,BIHARSHARRIF,2018-09-04,21:00:00,0,0,,,,,,12.8,L
253,NALANDA,BIHARSHARRIF,2018-09-04,22:00:00,0,0,,,,,,12.8,L
254,NALANDA,BIHARSHARRIF,2018-09-04,23:00:00,0,0,,,,,,12.8,L
255,NALANDA,BIHARSHARRIF,2018-09-05,00:00:00,0,0,,,,,,12.8,L
256,NALANDA,BIHARSHARRIF,2018-09-05,01:00:00,0,0,,,,,,12.8,L
257,NALANDA,BIHARSHARRIF,2018-09-05,02:00:00,0,0,,,,,,13.1,L
258,NALANDA,BIHARSHARRIF,2018-09-05,03:00:00,0,0,,,,,,13.3,L
259,NALANDA,BIHARSHARRIF,2018-09-05,04:00:00,0,0,,,,,,13.3,L
260,NALANDA,BIHARSHARRIF,2018-09-05,05:00:00,0,0,,,,,,14.2,L
261,NALANDA,BIHARSHARRIF,2018-09-05,06:00:00,0,0,,,,,,13.4,L
262,NALANDA,BIHARSHARRIF,2018-09-05,07:00:00,0,0,,,,,,13.4,L
263,NALANDA,BIHARSHARRIF,2018-09-05,08:00:00,0,0,,,,,,13.5,L
264,NALANDA,BIHARSHARRIF,2018-09-05,09:00:00,0,0,,,,,,13.5,L
265,NALANDA,BIHARSHARRIF,2018-09-05,10:00:00,0,0,,,,,,13.7,L
266,NALANDA,BIHARSHARRIF,2018-09-05,11:00:00,0,0,,,,,,13.2,L
267,NALANDA,BIHARSHARRIF,2018-09-05,12:00:00,0,0,,,,,,12.9,L
268,NALANDA,BIHARSHARRIF,2018-09-05,13:00:00,0,0,,,,,,12.9,L
269,NALANDA,BIHARSHARRIF,2018-09-05,14:00:00,0,0,,,,,,12.9,L
270,NALANDA,BIHARSHARRIF,2018-09-05,15:00:00,0,0,,,,,,12.9,L
271,NALANDA,BIHARSHARRIF,2018-09-05,16:00:00,0,0,,,,,,12.9,L
272,NALANDA,BIHARSHARRIF,2018-09-05,17:00:00,0,0,,,,,,12.8,L
273,NALANDA,BIHARSHARRIF,2018-09-05,18:00:00,0,0,,,,,,12.8,L
274,NALANDA,BIHARSHARRIF,2018-09-05,19:00:00,0,0,,,,,,12.8,L
275,NALANDA,BIHARSHARRIF,2018-09-05,20:00:00,0,0,,,,,,12.8,L
276,NALANDA,BIHARSHARRIF,2018-09-05,21:00:00,0,0,,,,,,12.8,L
277,NALANDA,BIHARSHARRIF,2018-09-05,23:00:00,0,0,,,,,,12.8,L
278,PATNA,BAKHTIYARPUR,2018-08-30,00:00:00,0,0,,,,,,12.2,L
279,PATNA,BAKHTIYARPUR,2018-08-30,01:00:00,0,0,,,,,,12.2,L
280,PATNA,BAKHTIYARPUR,2018-08-30,02:00:00,0,0,,,,,,12.2,L
281,PATNA,BAKHTIYARPUR,2018-08-30,03:00:00,0,0,,,,,,12.3,L
282,PATNA,BAKHTIYARPUR,2018-08-30,04:00:00,0,0,,,,,,12.3,L
283,PATNA,BAKHTIYARPUR,2018-08-30,05:00:00,0,0,,,,,,12.3,L
284,PATNA,BAKHTIYARPUR,2018-08-30,06:00:00,0,0,,,,,,12.4,L
285,PATNA,BAKHTIYARPUR,2018-08-30,07:00:00,0,0,,,,,,12.4,L
286,PATNA,BAKHTIYARPUR,2018-08-30,08:00:00,0,0,,,,,,12.4,L
287,PATNA,BAKHTIYARPUR,2018-08-30,09:00:00,0,0,,,,,,12.4,L
288,PATNA,BAKHTIYARPUR,2018-08-30,10:00:00,0,0,,,,,,12.4,L
289,PATNA,BAKHTIYARPUR,2018-08-30,11:00:00,0,0,,,,,,12.3,L
290,PATNA,BAKHTIYARPUR,2018-08-30,12:00:00,0,0,,,,,,12.3,L
291,PATNA,BAKHTIYARPUR,2018-08-30,13:00:00,0,0,,,,,,12.3,L
292,PATNA,BAKHTIYARPUR,2018-08-30,14:00:00,0,0,,,,,,12.2,L
293,PATNA,BAKHTIYARPUR,2018-08-30,15:00:00,0,0,,,,,,12.2,L
294,PATNA,BAKHTIYARPUR,2018-08-30,16:00:00,0,0,,,,,,12.2,L
295,PATNA,BAKHTIYARPUR,2018-08-30,17:00:00,0,0,,,,,,12.2,L
296,PATNA,BAKHTIYARPUR,2018-08-30,18:00:00,0,0,,,,,,12.2,L
297,PATNA,BAKHTIYARPUR,2018-08-30,19:00:00,0,0,,,,,,12.2,L
298,PATNA,BAKHTIYARPUR,2018-08-30,20:00:00,0,0,,,,,,12.2,L
299,PATNA,BAKHTIYARPUR,2018-08-30,21:00:00,0,0,,,,,,12.2,L
300,PATNA,BAKHTIYARPUR,2018-08-30,22:00:00,0,0,,,,,,12.2,L
301,PATNA,BAKHTIYARPUR,2018-08-30,23:00:00,0,0,,,,,,12.2,L
302,PATNA,BAKHTIYARPUR,2018-08-31,00:00:00,0,0,,,,,,12.2,L
303,PATNA,BAKHTIYARPUR,2018-08-31,01:00:00,0,0,,,,,,12.2,L
304,PATNA,BAKHTIYARPUR,2018-08-31,02:00:00,0,0,,,,,,12.2,L
305,PATNA,BAKHTIYARPUR,2018-08-31,03:00:00,0,0,,,,,,12.3,L
306,PATNA,BAKHTIYARPUR,2018-08-31,04:00:00,0,0,,,,,,12.2,L
307,PATNA,BAKHTIYARPUR,2018-08-31,05:00:00,0,0,,,,,,12.3,L
308,PATNA,BAKHTIYARPUR,2018-08-31,06:00:00,0,0,,,,,,12.4,L
309,PATNA,BAKHTIYARPUR,2018-08-31,07:00:00,0,0,,,,,,12.5,L
310,PATNA,BAKHTIYARPUR,2018-08-31,08:00:00,0,0,,,,,,12.4,L
311,PATNA,BAKHTIYARPUR,2018-08-31,09:00:00,0,0,,,,,,12.4,L
312,PATNA,BAKHTIYARPUR,2018-08-31,10:00:00,0,0,,,,,,12.3,L
313,PATNA,BAKHTIYARPUR,2018-08-31,11:00:00,0,0,,,,,,12.3,L
314,PATNA,BAKHTIYARPUR,2018-08-31,12:00:00,0,0,,,,,,12.3,L
315,PATNA,BAKHTIYARPUR,2018-08-31,13:00:00,0,0,,,,,,12.3,L
316,PATNA,BAKHTIYARPUR,2018-08-31,14:00:00,0,0,,,,,,12.3,L
317,PATNA,BAKHTIYARPUR,2018-08-31,15:00:00,0,0,,,,,,12.3,L
318,PATNA,BAKHTIYARPUR,2018-08-31,16:00:00,0,0,,,,,,12.2,L
319,PATNA,BAKHTIYARPUR,2018-08-31,17:00:00,0,0,,,,,,12.2,L
320,PATNA,BAKHTIYARPUR,2018-08-31,18:00:00,0,0,,,,,,12.2,L
321,PATNA,BAKHTIYARPUR,2018-08-31,19:00:00,0,0,,,,,,12.2,L
322,PATNA,BAKHTIYARPUR,2018-08-31,20:00:00,0,0,,,,,,12.2,L
323,PATNA,BAKHTIYARPUR,2018-08-31,21:00:00,0,0,,,,,,12.2,L
324,PATNA,BAKHTIYARPUR,2018-08-31,22:00:00,0,0,,,,,,12.2,L
325,PATNA,BAKHTIYARPUR,2018-08-31,23:00:00,0,0,,,,,,12.2,L
326,PATNA,BAKHTIYARPUR,2018-09-01,00:00:00,0,0,,,,,,12.2,L
327,PATNA,BAKHTIYARPUR,2018-09-01,01:00:00,0,0,,,,,,12.2,L
328,PATNA,BAKHTIYARPUR,2018-09-01,02:00:00,0,0,,,,,,12.2,L
329,PATNA,BAKHTIYARPUR,2018-09-01,03:00:00,0,0,,,,,,12.3,L
330,PATNA,BAKHTIYARPUR,2018-09-01,04:00:00,0,0,,,,,,12.4,L
331,PATNA,BAKHTIYARPUR,2018-09-01,05:00:00,0,0,,,,,,12.7,L
332,PATNA,BAKHTIYARPUR,2018-09-01,06:00:00,0,0,,,,,,12.5,L
333,PATNA,BAKHTIYARPUR,2018-09-01,07:00:00,0,0,,,,,,12.4,L
334,PATNA,BAKHTIYARPUR,2018-09-01,08:00:00,0,0,,,,,,12.4,L
335,PATNA,BAKHTIYARPUR,2018-09-01,09:00:00,0,0,,,,,,12.4,L
336,PATNA,BAKHTIYARPUR,2018-09-01,10:00:00,0,0,,,,,,12.3,L
337,PATNA,BAKHTIYARPUR,2018-09-01,11:00:00,0,0,,,,,,12.3,L
338,PATNA,BAKHTIYARPUR,2018-09-01,12:00:00,0,0,,,,,,12.3,L
339,PATNA,BAKHTIYARPUR,2018-09-01,13:00:00,0,0,,,,,,12.3,L
340,PATNA,BAKHTIYARPUR,2018-09-01,14:00:00,0,0,,,,,,12.3,L
341,PATNA,BAKHTIYARPUR,2018-09-01,15:00:00,0,0,,,,,,12.3,L
342,PATNA,BAKHTIYARPUR,2018-09-01,16:00:00,0,0,,,,,,12.3,L
343,PATNA,BAKHTIYARPUR,2018-09-01,17:00:00,0,0,,,,,,12.3,L
344,PATNA,BAKHTIYARPUR,2018-09-01,18:00:00,0,0,,,,,,12.2,L
345,PATNA,BAKHTIYARPUR,2018-09-01,19:00:00,0,0,,,,,,12.2,L
346,PATNA,BAKHTIYARPUR,2018-09-01,20:00:00,0,0,,,,,,12.2,L
347,PATNA,BAKHTIYARPUR,2018-09-01,21:00:00,0,0,,,,,,12.2,L
348,PATNA,BAKHTIYARPUR,2018-09-01,22:00:00,0,0,,,,,,12.2,L
349,PATNA,BAKHTIYARPUR,2018-09-01,23:00:00,0,0,,,,,,12.2,L
350,PATNA,BAKHTIYARPUR,2018-09-02,00:00:00,0,0,,,,,,12.2,L
351,PATNA,BAKHTIYARPUR,2018-09-02,01:00:00,0,0,,,,,,12.2,L
352,PATNA,BAKHTIYARPUR,2018-09-02,02:00:00,0,0,,,,,,12.2,L
353,PATNA,BAKHTIYARPUR,2018-09-02,03:00:00,0,0,,,,,,12.3,L
354,PATNA,BAKHTIYARPUR,2018-09-02,04:00:00,0,0,,,,,,12.4,L
355,PATNA,BAKHTIYARPUR,2018-09-02,05:00:00,0,0,,,,,,12.5,L
356,PATNA,BAKHTIYARPUR,2018-09-02,06:00:00,0,0,,,,,,12.4,L
357,PATNA,BAKHTIYARPUR,2018-09-02,07:00:00,0,0,,,,,,12.4,L
358,PATNA,BAKHTIYARPUR,2018-09-02,08:00:00,0,0,,,,,,12.4,L
359,PATNA,BAKHTIYARPUR,2018-09-02,09:00:00,0,0,,,,,,12.4,L
360,PATNA,BAKHTIYARPUR,2018-09-02,10:00:00,0,0,,,,,,12.4,L
361,PATNA,BAKHTIYARPUR,2018-09-02,11:00:00,0,0,,,,,,12.3,L
362,PATNA,BAKHTIYARPUR,2018-09-02,12:00:00,0,0,,,,,,12.3,L
363,PATNA,BAKHTIYARPUR,2018-09-02,13:00:00,0,0,,,,,,12.3,L
364,PATNA,BAKHTIYARPUR,2018-09-02,14:00:00,0,0,,,,,,12.3,L
365,PATNA,BAKHTIYARPUR,2018-09-02,15:00:00,0,0,,,,,,12.3,L
366,PATNA,BAKHTIYARPUR,2018-09-02,16:00:00,0,0,,,,,,12.3,L
367,PATNA,BAKHTIYARPUR,2018-09-02,17:00:00,0,0,,,,,,12.3,L
368,PATNA,BAKHTIYARPUR,2018-09-02,18:00:00,0,0,,,,,,12.3,L
369,PATNA,BAKHTIYARPUR,2018-09-02,19:00:00,0,0,,,,,,12.3,L
370,PATNA,BAKHTIYARPUR,2018-09-02,20:00:00,0,0,,,,,,12.2,L
371,PATNA,BAKHTIYARPUR,2018-09-02,21:00:00,0,0,,,,,,12.2,L
372,PATNA,BAKHTIYARPUR,2018-09-02,22:00:00,0,0,,,,,,12.2,L
373,PATNA,BAKHTIYARPUR,2018-09-02,23:00:00,0,0,,,,,,12.2,L
374,PATNA,BAKHTIYARPUR,2018-09-03,00:00:00,0,0,,,,,,12.2,L
375,PATNA,BAKHTIYARPUR,2018-09-03,01:00:00,0,0,,,,,,12.2,L
376,PATNA,BAKHTIYARPUR,2018-09-03,02:00:00,0,0,,,,,,12.2,L
377,PATNA,BAKHTIYARPUR,2018-09-03,03:00:00,0,0,,,,,,12.2,L
378,PATNA,BAKHTIYARPUR,2018-09-03,04:00:00,0,0,,,,,,12.2,L
379,PATNA,BAKHTIYARPUR,2018-09-03,05:00:00,0,0,,,,,,12.3,L
380,PATNA,BAKHTIYARPUR,2018-09-03,06:00:00,0,0,,,,,,12.6,L
381,PATNA,BAKHTIYARPUR,2018-09-03,07:00:00,0,0,,,,,,12.5,L
382,PATNA,BAKHTIYARPUR,2018-09-03,08:00:00,0,0,,,,,,12.4,L
383,PATNA,BAKHTIYARPUR,2018-09-03,09:00:00,0,0,,,,,,12.4,L
384,PATNA,BAKHTIYARPUR,2018-09-03,10:00:00,0,0,,,,,,12.3,L
385,PATNA,BAKHTIYARPUR,2018-09-03,11:00:00,0,0,,,,,,12.3,L
386,PATNA,BAKHTIYARPUR,2018-09-03,12:00:00,0,0,,,,,,12.3,L
387,PATNA,BAKHTIYARPUR,2018-09-03,13:00:00,0,0,,,,,,12.2,L
388,PATNA,BAKHTIYARPUR,2018-09-03,14:00:00,0,0,,,,,,12.2,L
389,PATNA,BAKHTIYARPUR,2018-09-03,15:00:00,0,0,,,,,,12.2,L
390,PATNA,BAKHTIYARPUR,2018-09-03,16:00:00,0,0,,,,,,12.2,L
391,PATNA,BAKHTIYARPUR,2018-09-03,17:00:00,0,0,,,,,,12.2,L
392,PATNA,BAKHTIYARPUR,2018-09-03,18:00:00,0,0,,,,,,12.2,L
393,PATNA,BAKHTIYARPUR,2018-09-03,19:00:00,0,0,,,,,,12.2,L
394,PATNA,BAKHTIYARPUR,2018-09-03,20:00:00,0,0,,,,,,12.2,L
395,PATNA,BAKHTIYARPUR,2018-09-03,21:00:00,0,0,,,,,,12.2,L
396,PATNA,BAKHTIYARPUR,2018-09-03,22:00:00,0,0,,,,,,12.2,L
397,PATNA,BAKHTIYARPUR,2018-09-03,23:00:00,0,0,,,,,,12.2,L
398,PATNA,BAKHTIYARPUR,2018-09-04,00:00:00,0,0,,,,,,12.2,L
399,PATNA,BAKHTIYARPUR,2018-09-04,01:00:00,0,0,,,,,,12.2,L
400,PATNA,BAKHTIYARPUR,2018-09-04,02:00:00,0,0,,,,,,12.2,L
401,PATNA,BAKHTIYARPUR,2018-09-04,03:00:00,0,0,,,,,,12.3,L
402,PATNA,BAKHTIYARPUR,2018-09-04,04:00:00,0,0,,,,,,12.4,L
403,PATNA,BAKHTIYARPUR,2018-09-04,05:00:00,0,0,,,,,,12.5,L
404,PATNA,BAKHTIYARPUR,2018-09-04,06:00:00,0,0,,,,,,12.5,L
405,PATNA,BAKHTIYARPUR,2018-09-04,07:00:00,0,0,,,,,,12.4,L
406,PATNA,BAKHTIYARPUR,2018-09-04,08:00:00,0,0,,,,,,12.3,L
407,PATNA,BAKHTIYARPUR,2018-09-04,09:00:00,0,0,,,,,,12.3,L
408,PATNA,BAKHTIYARPUR,2018-09-04,10:00:00,0,0,,,,,,12.3,L
409,PATNA,BAKHTIYARPUR,2018-09-04,11:00:00,0,0,,,,,,12.3,L
410,PATNA,BAKHTIYARPUR,2018-09-04,12:00:00,0,0,,,,,,12.3,L
411,PATNA,BAKHTIYARPUR,2018-09-04,13:00:00,0,0,,,,,,12.3,L
412,PATNA,BAKHTIYARPUR,2018-09-04,14:00:00,0,0,,,,,,12.3,L
413,PATNA,BAKHTIYARPUR,2018-09-04,15:00:00,0,0,,,,,,12.3,L
414,PATNA,BAKHTIYARPUR,2018-09-04,16:00:00,0,0,,,,,,12.3,L
415,PATNA,BAKHTIYARPUR,2018-09-04,17:00:00,0,0,,,,,,12.3,L
416,PATNA,BAKHTIYARPUR,2018-09-04,18:00:00,0,0,,,,,,12.2,L
417,PATNA,BAKHTIYARPUR,2018-09-04,19:00:00,0,0,,,,,,12.2,L
418,PATNA,BAKHTIYARPUR,2018-09-04,20:00:00,0,0,,,,,,12.2,L
419,PATNA,BAKHTIYARPUR,2018-09-04,21:00:00,0,0,,,,,,12.2,L
420,PATNA,BAKHTIYARPUR,2018-09-04,22:00:00,0,0,,,,,,12.2,L
421,PATNA,BAKHTIYARPUR,2018-09-04,23:00:00,0,0,,,,,,12.2,L
422,PATNA,BAKHTIYARPUR,2018-09-05,00:00:00,0,0,,,,,,12.2,L
423,PATNA,BAKHTIYARPUR,2018-09-05,01:00:00,0,0,,,,,,12.2,L
424,PATNA,BAKHTIYARPUR,2018-09-05,02:00:00,0,0,,,,,,12.3,L
425,PATNA,BAKHTIYARPUR,2018-09-05,03:00:00,0,0,,,,,,12.3,L
426,PATNA,BAKHTIYARPUR,2018-09-05,04:00:00,0,0,,,,,,12.3,L
427,PATNA,BAKHTIYARPUR,2018-09-05,05:00:00,0,0,,,,,,12.6,L
428,PATNA,BAKHTIYARPUR,2018-09-05,07:00:00,0,0,,,,,,12.4,L
429,PATNA,BAKHTIYARPUR,2018-09-05,08:00:00,0,0,,,,,,12.4,L
430,PATNA,BAKHTIYARPUR,2018-09-05,09:00:00,0,0,,,,,,12.4,L
431,PATNA,BAKHTIYARPUR,2018-09-05,10:00:00,0,0,,,,,,12.4,L
432,PATNA,BAKHTIYARPUR,2018-09-05,11:00:00,0,0,,,,,,12.3,L
433,PATNA,BAKHTIYARPUR,2018-09-05,12:00:00,0,0,,,,,,12.3,L
434,PATNA,BAKHTIYARPUR,2018-09-05,13:00:00,0,0,,,,,,12.3,L
435,PATNA,BAKHTIYARPUR,2018-09-05,14:00:00,0,0,,,,,,12.3,L
436,PATNA,BAKHTIYARPUR,2018-09-05,15:00:00,0,0,,,,,,12.3,L
437,PATNA,BAKHTIYARPUR,2018-09-05,16:00:00,0,0,,,,,,12.3,L
438,PATNA,BAKHTIYARPUR,2018-09-05,17:00:00,0,0,,,,,,12.3,L
439,PATNA,BAKHTIYARPUR,2018-09-05,18:00:00,0,0,,,,,,12.3,L
440,PATNA,BAKHTIYARPUR,2018-09-05,19:00:00,0,0,,,,,,12.2,L
441,PATNA,BAKHTIYARPUR,2018-09-05,20:00:00,0,0,,,,,,12.2,L
442,PATNA,BAKHTIYARPUR,2018-09-05,21:00:00,0,0,,,,,,12.2,L
443,PATNA,BAKHTIYARPUR,2018-09-05,22:00:00,0,0,,,,,,12.2,L
444,PATNA,BAKHTIYARPUR,2018-09-05,23:00:00,0,0,,,,,,12.2,L
445,SUPAUL,SUPAUL,2018-08-30,00:00:00,0,0,,,,,,11.4,L
446,SUPAUL,SUPAUL,2018-08-30,01:00:00,0,0,,,,,,11.4,L
447,SUPAUL,SUPAUL,2018-08-30,02:00:00,0,0,,,,,,11.4,L
448,SUPAUL,SUPAUL,2018-08-30,03:00:00,0,0,,,,,,11.4,L
449,SUPAUL,SUPAUL,2018-08-30,04:00:00,0,0,,,,,,11.5,L
450,SUPAUL,SUPAUL,2018-08-30,05:00:00,0,0,,,,,,11.7,L
451,SUPAUL,SUPAUL,2018-08-30,06:00:00,0,0,,,,,,11.8,L
452,SUPAUL,SUPAUL,2018-08-30,07:00:00,0,0,,,,,,11.9,L
453,SUPAUL,SUPAUL,2018-08-30,08:00:00,0,0,,,,,,11.9,L
454,SUPAUL,SUPAUL,2018-08-30,09:00:00,0,0,,,,,,11.8,L
455,SUPAUL,SUPAUL,2018-08-30,10:00:00,0,0,,,,,,11.9,L
456,SUPAUL,SUPAUL,2018-08-30,11:00:00,0,0,,,,,,11.8,L
457,SUPAUL,SUPAUL,2018-08-30,12:00:00,0,0,,,,,,11.7,L
458,SUPAUL,SUPAUL,2018-08-30,13:00:00,0,0,,,,,,11.6,L
459,SUPAUL,SUPAUL,2018-08-30,14:00:00,0,0,,,,,,11.6,L
460,SUPAUL,SUPAUL,2018-08-30,15:00:00,0,0,,,,,,11.6,L
461,SUPAUL,SUPAUL,2018-08-30,16:00:00,48,0,,,,,,11.5,L
462,SUPAUL,SUPAUL,2018-08-30,17:00:00,0,0,,,,,,11.5,L
463,SUPAUL,SUPAUL,2018-08-30,18:00:00,0,0,,,,,,11.5,L
464,SUPAUL,SUPAUL,2018-08-30,19:00:00,0,0,,,,,,11.4,L
465,SUPAUL,SUPAUL,2018-08-30,20:00:00,0,0,,,,,,11.4,L
466,SUPAUL,SUPAUL,2018-08-30,21:00:00,0,0,,,,,,11.4,L
467,SUPAUL,SUPAUL,2018-08-30,22:00:00,0,0,,,,,,11.4,L
468,SUPAUL,SUPAUL,2018-08-30,23:00:00,0,0,,,,,,11.4,L
469,SUPAUL,SUPAUL,2018-08-31,00:00:00,0,0,,,,,,11.4,L
470,SUPAUL,SUPAUL,2018-08-31,01:00:00,0,0,,,,,,11.4,L
471,SUPAUL,SUPAUL,2018-08-31,02:00:00,0,0,,,,,,11.6,L
472,SUPAUL,SUPAUL,2018-08-31,03:00:00,0,0,,,,,,11.8,L
473,SUPAUL,SUPAUL,2018-08-31,04:00:00,0,0,,,,,,11.8,L
474,SUPAUL,SUPAUL,2018-08-31,05:00:00,0,0,,,,,,11.9,L
475,SUPAUL,SUPAUL,2018-08-31,06:00:00,0,0,,,,,,12.2,L
476,SUPAUL,SUPAUL,2018-08-31,07:00:00,0,0,,,,,,12.6,L
477,SUPAUL,SUPAUL,2018-08-31,08:00:00,0,0,,,,,,11.9,L
478,SUPAUL,SUPAUL,2018-08-31,09:00:00,0,0,,,,,,14.6,L
479,SUPAUL,SUPAUL,2018-08-31,23:00:00,0,0,,,,,,11.4,L
480,SUPAUL,SUPAUL,2018-09-01,00:00:00,0,0,,,,,,11.4,L
481,SUPAUL,SUPAUL,2018-09-01,01:00:00,0,0,,,,,,11.4,L
482,SUPAUL,SUPAUL,2018-09-01,02:00:00,0,0,,,,,,11.6,L
483,SUPAUL,SUPAUL,2018-09-01,05:00:00,0,0,,,,,,12.1,L
484,SUPAUL,SUPAUL,2018-09-01,06:00:00,0,0,,,,,,12.1,L
485,SUPAUL,SUPAUL,2018-09-01,07:00:00,0,0,,,,,,12.1,L
486,SUPAUL,SUPAUL,2018-09-01,08:00:00,0,0,,,,,,12.1,L
487,SUPAUL,SUPAUL,2018-09-01,09:00:00,0,0,,,,,,12.0,L
488,SUPAUL,SUPAUL,2018-09-01,10:00:00,0,0,,,,,,12.0,L
489,SUPAUL,SUPAUL,2018-09-01,11:00:00,0,0,,,,,,11.9,L
490,SUPAUL,SUPAUL,2018-09-01,12:00:00,0,0,,,,,,11.8,L
491,SUPAUL,SUPAUL,2018-09-01,13:00:00,0,0,,,,,,11.7,L
492,SUPAUL,SUPAUL,2018-09-01,14:00:00,0,0,,,,,,11.7,L
493,SUPAUL,SUPAUL,2018-09-01,15:00:00,0,0,,,,,,11.7,L
494,SUPAUL,SUPAUL,2018-09-01,16:00:00,0,0,,,,,,11.6,L
495,SUPAUL,SUPAUL,2018-09-01,17:00:00,0,0,,,,,,11.6,L
496,SUPAUL,SUPAUL,2018-09-01,18:00:00,0,0,,,,,,11.6,L
497,SUPAUL,SUPAUL,2018-09-01,19:00:00,0,0,,,,,,11.6,L
498,SUPAUL,SUPAUL,2018-09-01,20:00:00,0,0,,,,,,11.6,L
499,SUPAUL,SUPAUL,2018-09-01,21:00:00,0,0,,,,,,11.5,L
500,SUPAUL,SUPAUL,2018-09-01,22:00:00,0,0,,,,,,11.5,L
501,SUPAUL,SUPAUL,2018-09-01,23:00:00,0,0,,,,,,11.5,L
502,SUPAUL,SUPAUL,2018-09-02,00:00:00,0,0,,,,,,11.5,L
503,SUPAUL,SUPAUL,2018-09-02,01:00:00,0,0,,,,,,11.5,L
504,SUPAUL,SUPAUL,2018-09-02,02:00:00,0,0,,,,,,11.6,L
505,SUPAUL,SUPAUL,2018-09-02,03:00:00,0,0,,,,,,11.8,L
506,SUPAUL,SUPAUL,2018-09-02,04:00:00,0,0,,,,,,11.9,L
507,SUPAUL,SUPAUL,2018-09-02,05:00:00,0,0,,,,,,12.2,L
508,SUPAUL,SUPAUL,2018-09-02,06:00:00,0,0,,,,,,11.9,L
509,SUPAUL,SUPAUL,2018-09-02,07:00:00,0,0,,,,,,12.3,L
510,SUPAUL,SUPAUL,2018-09-02,08:00:00,0,0,,,,,,12.3,L
511,SUPAUL,SUPAUL,2018-09-02,09:00:00,0,0,,,,,,12.1,L
512,SUPAUL,SUPAUL,2018-09-02,10:00:00,0,0,,,,,,11.9,L
513,SUPAUL,SUPAUL,2018-09-02,11:00:00,0,0,,,,,,12.1,L
514,SUPAUL,SUPAUL,2018-09-02,12:00:00,0,0,,,,,,11.8,L
515,SUPAUL,SUPAUL,2018-09-02,13:00:00,0,0,,,,,,11.8,L
516,SUPAUL,SUPAUL,2018-09-02,14:00:00,0,0,,,,,,11.7,L
517,SUPAUL,SUPAUL,2018-09-02,15:00:00,0,0,,,,,,11.7,L
518,SUPAUL,SUPAUL,2018-09-02,16:00:00,0,0,,,,,,11.7,L
519,SUPAUL,SUPAUL,2018-09-02,17:00:00,0,0,,,,,,11.6,L
520,SUPAUL,SUPAUL,2018-09-02,18:00:00,0,0,,,,,,11.6,L
521,SUPAUL,SUPAUL,2018-09-02,19:00:00,0,0,,,,,,11.6,L
522,SUPAUL,SUPAUL,2018-09-02,20:00:00,0,0,,,,,,11.6,L
523,SUPAUL,SUPAUL,2018-09-02,21:00:00,0,0,,,,,,11.6,L
524,SUPAUL,SUPAUL,2018-09-02,22:00:00,0,0,,,,,,11.6,L
525,SUPAUL,SUPAUL,2018-09-02,23:00:00,0,0,,,,,,11.6,L
526,SUPAUL,SUPAUL,2018-09-03,00:00:00,0,0,,,,,,11.5,L
527,SUPAUL,SUPAUL,2018-09-03,01:00:00,0,0,,,,,,11.6,L
528,SUPAUL,SUPAUL,2018-09-03,02:00:00,0,0,,,,,,11.7,L
529,SUPAUL,SUPAUL,2018-09-03,03:00:00,0,0,,,,,,11.6,L
530,SUPAUL,SUPAUL,2018-09-03,04:00:00,0,0,,,,,,11.7,L
531,SUPAUL,SUPAUL,2018-09-03,05:00:00,0,0,,,,,,11.8,L
532,SUPAUL,SUPAUL,2018-09-03,06:00:00,0,0,,,,,,11.7,L
533,SUPAUL,SUPAUL,2018-09-03,07:00:00,0,0,,,,,,12.3,L
534,SUPAUL,SUPAUL,2018-09-03,08:00:00,0,0,,,,,,12.2,L
535,SUPAUL,SUPAUL,2018-09-03,09:00:00,0,0,,,,,,12.2,L
536,SUPAUL,SUPAUL,2018-09-03,10:00:00,0,0,,,,,,11.9,L
537,SUPAUL,SUPAUL,2018-09-03,11:00:00,0,0,,,,,,11.8,L
538,SUPAUL,SUPAUL,2018-09-03,12:00:00,0,0,,,,,,11.8,L
539,SUPAUL,SUPAUL,2018-09-03,13:00:00,0,0,,,,,,11.7,L
540,SUPAUL,SUPAUL,2018-09-03,14:00:00,0,0,,,,,,11.7,L
541,SUPAUL,SUPAUL,2018-09-03,15:00:00,0,0,,,,,,11.6,L
542,SUPAUL,SUPAUL,2018-09-03,16:00:00,0,0,,,,,,11.6,L
543,SUPAUL,SUPAUL,2018-09-03,17:00:00,0,0,,,,,,11.6,L
544,SUPAUL,SUPAUL,2018-09-03,18:00:00,0,0,,,,,,11.6,L
545,SUPAUL,SUPAUL,2018-09-03,19:00:00,0,0,,,,,,11.6,L
546,SUPAUL,SUPAUL,2018-09-03,20:00:00,0,0,,,,,,11.6,L
547,SUPAUL,SUPAUL,2018-09-03,21:00:00,0,0,,,,,,11.6,L
548,SUPAUL,SUPAUL,2018-09-03,22:00:00,0,0,,,,,,11.6,L
549,SUPAUL,SUPAUL,2018-09-03,23:00:00,0,0,,,,,,11.5,L
550,SUPAUL,SUPAUL,2018-09-04,00:00:00,0,0,,,,,,11.5,L
551,SUPAUL,SUPAUL,2018-09-04,01:00:00,0,0,,,,,,11.6,L
552,SUPAUL,SUPAUL,2018-09-04,02:00:00,0,0,,,,,,11.7,L
553,SUPAUL,SUPAUL,2018-09-04,03:00:00,0,0,,,,,,11.8,L
554,SUPAUL,SUPAUL,2018-09-04,04:00:00,0,0,,,,,,12.0,L
555,SUPAUL,SUPAUL,2018-09-04,05:00:00,0,0,,,,,,12.1,L
556,SUPAUL,SUPAUL,2018-09-04,13:00:00,0,0,,,,,,9.1,L
557,SUPAUL,SUPAUL,2018-09-04,14:00:00,0,0,,,,,,11.7,L
558,SUPAUL,SUPAUL,2018-09-04,15:00:00,0,0,,,,,,11.6,L
559,SUPAUL,SUPAUL,2018-09-04,16:00:00,0,0,,,,,,11.6,L
560,SUPAUL,SUPAUL,2018-09-04,17:00:00,0,0,,,,,,11.6,L
561,SUPAUL,SUPAUL,2018-09-04,18:00:00,0,0,,,,,,11.6,L
562,SUPAUL,SUPAUL,2018-09-04,20:00:00,0,0,,,,,,11.6,L
563,SUPAUL,SUPAUL,2018-09-04,21:00:00,0,0,,,,,,11.6,L
564,SUPAUL,SUPAUL,2018-09-04,22:00:00,0,0,,,,,,11.6,L
565,SUPAUL,SUPAUL,2018-09-04,23:00:00,0,0,,,,,,11.6,L
566,SUPAUL,SUPAUL,2018-09-05,00:00:00,0,0,,,,,,11.5,L
567,SUPAUL,SUPAUL,2018-09-05,01:00:00,0,0,,,,,,11.6,L
568,SUPAUL,SUPAUL,2018-09-05,02:00:00,0,0,,,,,,11.7,L
569,SUPAUL,SUPAUL,2018-09-05,03:00:00,0,0,,,,,,11.8,L
570,SUPAUL,SUPAUL,2018-09-05,04:00:00,0,0,,,,,,11.8,L
571,SUPAUL,SUPAUL,2018-09-05,05:00:00,0,0,,,,,,12.0,L
572,SUPAUL,SUPAUL,2018-09-05,06:00:00,0,0,,,,,,12.3,L
573,SUPAUL,SUPAUL,2018-09-05,07:00:00,0,0,,,,,,15.0,L
574,SUPAUL,SUPAUL,2018-09-05,08:00:00,0,0,,,,,,14.0,L
575,SUPAUL,SUPAUL,2018-09-05,09:00:00,0,0,,,,,,14.1,L
576,SUPAUL,SUPAUL,2018-09-05,12:00:00,0,0,,,,,,8.6,L
577,SUPAUL,SUPAUL,2018-09-05,15:00:00,0,0,,,,,,8.8,L
578,SUPAUL,SUPAUL,2018-09-05,16:00:00,0,0,,,,,,11.6,L
579,SUPAUL,SUPAUL,2018-09-05,17:00:00,0,0,,,,,,11.6,L
580,SUPAUL,SUPAUL,2018-09-05,18:00:00,0,0,,,,,,11.6,L
581,SUPAUL,SUPAUL,2018-09-05,19:00:00,0,0,,,,,,11.6,L
582,SUPAUL,SUPAUL,2018-09-05,20:00:00,0,0,,,,,,11.6,L
583,SUPAUL,SUPAUL,2018-09-05,21:00:00,0,0,,,,,,11.6,L
584,SUPAUL,SUPAUL,2018-09-05,22:00:00,0,0,,,,,,11.6,L
